start_s,end_s,dur_s,type
0.94,1.25,0.3,pause
3.46,4.37,0.91,BLOCK (>=600 ms)
4.75,5.39,0.64,BLOCK (>=600 ms)
5.52,5.87,0.35,pause
7.54,8.53,0.99,BLOCK (>=600 ms)
8.96,9.26,0.3,pause
10.99,11.36,0.37,pause
13.63,14.11,0.48,pause
15.42,15.7,0.27,pause
16.5,17.74,1.25,BLOCK (>=600 ms)
18.08,18.77,0.69,BLOCK (>=600 ms)
18.93,19.31,0.38,pause
20.29,20.56,0.27,pause
27.52,28.66,1.14,BLOCK (>=600 ms)
29.41,29.78,0.37,pause
31.18,31.5,0.32,pause
32.72,33.06,0.34,pause
33.17,33.95,0.78,BLOCK (>=600 ms)
34.91,35.73,0.82,BLOCK (>=600 ms)
36.34,37.02,0.69,BLOCK (>=600 ms)
39.01,39.33,0.32,pause
40.02,40.96,0.94,BLOCK (>=600 ms)
41.94,42.43,0.5,pause
