word,start_s,end_s,gap_before_s
EXCUSE,0.34,0.68,0.0
ME,0.74,0.8,0.06
PLEASE,1.28,1.5,0.48
I,2.1,2.12,0.6
REALLY,2.2,2.42,0.08
NEED,2.46,2.58,0.04
YOUR,2.6,2.74,0.02
HELP,3.1,3.3,0.36
COULD,4.38,4.52,1.08
YOU,4.54,4.64,0.02
POINT,5.98,6.14,1.34
ME,6.18,6.24,0.04
TO,6.42,6.52,0.18
THE,6.58,6.66,0.06
CENTRAL,6.7,6.96,0.04
LIBRARY,7.02,7.44,0.06
I,8.56,8.58,1.12
KNOW,8.66,8.76,0.08
I,9.28,9.32,0.52
SOUND,9.4,9.58,0.08
RIDICULOUS,9.86,10.3,0.28
RIGHT,10.34,10.48,0.04
NOW,10.5,10.6,0.02
EVERY,11.4,11.56,0.8
TIME,11.62,11.8,0.06
I,11.88,11.9,0.08
GET,11.98,12.08,0.08
THIS,12.12,12.24,0.04
PANICKED,12.48,12.84,0.24
MY,13.0,13.06,0.16
VOICE,13.14,13.36,0.08
JUST,13.44,13.6,0.08
COMPLETELY,14.52,14.92,0.92
LOCKS,15.76,16.0,0.84
UP,16.08,16.12,0.08
ON,16.22,16.26,0.1
ME,16.32,16.4,0.06
I'M,17.8,17.9,1.4
I'M,19.68,19.76,1.78
TEN,19.86,20.02,0.1
MINUTES,20.72,21.0,0.7
LATE,21.06,21.24,0.06
FOR,21.28,21.38,0.04
MY,21.44,21.5,0.06
FINAL,21.58,21.8,0.08
EXAM,21.88,22.12,0.08
AND,22.3,22.38,0.18
IF,22.52,22.56,0.14
I,22.74,22.78,0.18
DON'T,22.82,22.96,0.04
GET,23.0,23.1,0.04
TO,23.14,23.2,0.04
ROOM,23.24,23.36,0.04
THREE,23.42,23.6,0.06
OH,23.64,23.7,0.04
FOUR,23.76,23.92,0.06
IN,24.0,24.04,0.08
THE,24.08,24.14,0.04
NEXT,24.18,24.32,0.04
FIVE,24.54,24.72,0.22
MINUTES,24.78,25.02,0.06
THE,25.34,25.42,0.32
GRACE,25.46,25.68,0.04
PERIOD,25.72,25.98,0.04
IS,26.06,26.12,0.08
OVER,26.22,26.38,0.1
AND,26.48,26.54,0.1
THE,26.58,26.64,0.04
DOORS,26.68,26.92,0.04
LOCK,27.2,27.4,0.28
IS,28.84,28.9,1.44
IT,28.98,29.02,0.08
IS,29.8,29.86,0.78
IT,29.92,29.96,0.06
THROUGH,30.0,30.18,0.04
THE,30.22,30.28,0.04
SCIENCE,30.32,30.62,0.04
ATRIUM,30.72,31.06,0.1
HALF,31.54,31.66,0.48
THE,31.74,31.8,0.08
SIGNS,31.84,32.04,0.04
ARE,32.08,32.16,0.04
MISSING,32.2,32.44,0.04
AND,32.52,32.58,0.08
I,32.62,32.64,0.04
OH,34.0,34.08,1.36
BRILLIANT,34.34,34.68,0.26
JUST,34.76,34.9,0.08
BRILLIANT,35.86,36.24,0.96
PLEASE,37.04,37.24,0.8
YOU,37.52,37.6,0.28
DON'T,37.64,37.78,0.04
EVEN,37.84,37.98,0.06
HAVE,38.04,38.14,0.06
TO,38.16,38.22,0.02
SPEAK,38.26,38.4,0.04
JUST,38.48,38.62,0.08
POINT,38.7,38.92,0.08
LEFT,39.36,39.54,0.44
OR,39.64,39.68,0.1
RIGHT,39.74,39.92,0.06
STRAIGHT,41.06,41.3,1.14
DOWN,41.32,41.44,0.02
THE,41.48,41.54,0.04
BREEZEWAY,41.56,41.86,0.02
OKAY,42.44,42.6,0.58
THANK,43.2,43.34,0.6
YOU,43.38,43.46,0.04
YOU,43.88,43.98,0.42
ARE,44.1,44.18,0.12
A,44.24,44.26,0.06
LITERAL,44.3,44.52,0.04
LIFESAVER,44.96,45.42,0.44
